Theresa,Woods,F,2004-12-07,2-(920)717-7391,6 Moulton Crossing,jramos0@skyrock.com,INFANTS GAS AND COLIC RELIEF,Joyce Ramos,3-(032)382-5591,Financial Advisor,Amy,Matthews,8-(339)800-6871,jramos0@about.com
Amanda,Sanchez,F,2007-11-25,3-(006)638-5439,67 Hanover Road,tturner1@fc2.com,,Theresa Turner,2-(411)008-3704,Associate Professor,Denise,Patterson,0-(116)127-5132,tturner1@addthis.com
Rose,Lynch,F,2012-07-07,9-(682)083-1046,51 Menomonie Center,jrichardson2@nih.gov,FLOVENT,Jacqueline Richardson,5-(931)225-0725,Compensation Analyst,Carol,Nichols,9-(961)308-4193,jrichardson2@twitter.com
Roger,Cruz,M,2011-08-04,9-(902)116-2333,35204 Dexter Terrace,wgordon3@networksolutions.com,,Wayne Gordon,0-(137)810-4628,Speech Pathologist,Earl,Romero,7-(413)616-8731,wgordon3@whitehouse.gov
Paul,Ray,M,2007-08-17,4-(851)088-7127,89 Anhalt Parkway,dmartinez4@globo.com,Lindane,Douglas Martinez,4-(989)362-3336,Sales Representative,Jonathan,Jacobs,9-(101)932-3450,dmartinez4@omniture.com
Joseph,Perez,M,2004-10-08,3-(095)823-8736,31 Moulton Center,jbutler5@census.gov,PONDS,Justin Butler,8-(784)133-6416,Senior Developer,Steven,Bowman,3-(777)998-1259,jbutler5@de.vu
Terry,Greene,M,2007-01-14,8-(829)559-6005,04 Manitowish Junction,jgraham6@buzzfeed.com,,Joshua Graham,9-(972)952-0391,Physical Therapy Assistant,Phillip,Palmer,0-(339)401-1868,jgraham6@e-recht24.de
Lillian,Scott,F,2008-09-07,2-(800)779-6504,02179 Clyde Gallagher Hill,kdaniels7@europa.eu,ziprasidone hydrochloride,Kathleen Daniels,8-(790)211-1405,Senior Sales Associate,Anne,Henry,9-(152)889-7814,kdaniels7@posterous.com
Jane,Cunningham,F,2003-05-15,7-(359)264-5654,6 Laurel Lane,creynolds8@google.ca,Arnica 6c,Christina Reynolds,5-(283)379-5707,Editor,Anna,Lopez,9-(469)838-4996,creynolds8@miibeian.gov.cn
Jeremy,Marshall,M,2006-11-29,8-(074)798-7580,3244 Cody Avenue,wmitchell9@free.fr,Amoxicillin,Willie Mitchell,6-(373)959-1295,Director of Sales,Howard,Andrews,9-(504)475-5778,wmitchell9@mapquest.com
Kevin,Thomas,M,2004-02-22,9-(711)382-9647,987 Fair Oaks Center,rknighta@virginia.edu,,Randy Knight,5-(539)841-6676,Tax Accountant,Billy,Lynch,8-(489)468-3726,rknighta@aol.com
Bobby,Rivera,M,2014-07-09,4-(411)846-9297,09752 Oriole Way,rsmithb@loc.gov,Allergy Relief,Randy Smith,1-(222)933-0355,Teacher,Howard,Gordon,0-(624)605-3312,rsmithb@shop-pro.jp
Todd,Hansen,M,2002-08-12,8-(341)279-2432,4 Lakeland Park,adiazc@hatena.ne.jp,Dry Idea A.Dry Antiperspirant Solid Powder Fresh,Adam Diaz,1-(624)943-1191,Marketing Assistant,Kevin,Garrett,0-(569)782-3848,adiazc@delicious.com
Robert,Bailey,M,2012-10-11,3-(205)666-6142,709 Carberry Park,jgibsond@bloglovin.com,,Justin Gibson,7-(922)725-6579,Cost Accountant,Jimmy,Lawrence,0-(277)658-2968,jgibsond@addthis.com
Martha,Watson,F,2008-04-04,4-(166)804-8894,826 Dwight Pass,bthompsone@infoseek.co.jp,InnoPran XL,Bonnie Thompson,0-(714)419-9736,Account Executive,Jane,Greene,9-(540)375-6671,bthompsone@de.vu
Timothy,Gomez,M,2014-01-25,4-(071)023-2095,57 Hintze Park,mhartf@livejournal.com,,Matthew Hart,4-(839)086-6022,Occupational Therapist,Justin,Moore,7-(777)264-3238,mhartf@bigcartel.com
Margaret,Montgomery,F,2012-08-07,5-(319)924-5123,5302 Eliot Lane,tkimg@a8.net,Lorazepam,Tina Kim,0-(589)104-9066,VP Marketing,Ruth,Hansen,0-(366)295-8732,tkimg@live.com
Howard,Parker,M,2014-07-26,3-(181)571-1270,8 Holy Cross Way,cfreemanh@baidu.com,CANCIDAS,Craig Freeman,9-(770)214-1815,Sales Associate,Jeffrey,Butler,9-(608)509-4845,cfreemanh@mozilla.com
Todd,Simpson,M,2013-06-18,4-(201)855-2083,6247 7th Place,jthomasi@google.com.hk,,Jonathan Thomas,5-(645)420-5613,Research Assistant II,Donald,Hansen,3-(683)992-7406,jthomasi@theatlantic.com
Juan,Reynolds,M,2007-04-09,8-(511)919-1935,880 Bluestem Place,vvasquezj@ovh.net,,Victor Vasquez,9-(040)746-0484,Executive Secretary,Adam,Mendoza,7-(935)901-0093,vvasquezj@joomla.org
Frances,Hansen,F,2014-02-24,1-(379)777-7550,6 Reindahl Court,thowardk@sina.com.cn,,Teresa Howard,9-(337)007-0033,Structural Analysis Engineer,Phyllis,Baker,6-(941)281-5015,thowardk@aboutads.info
Jessica,Gonzalez,F,2014-11-15,7-(203)374-4099,75166 Bunker Hill Lane,mleel@scribd.com,,Mary Lee,4-(572)128-3759,Financial Advisor,Sandra,Knight,6-(538)409-7587,mleel@ocn.ne.jp
Marilyn,Fisher,F,2001-01-27,2-(518)010-4114,1713 Hoard Center,dcastillom@webs.com,Stemphylium sarciniforms,Diane Castillo,4-(190)969-6576,Editor,Diana,Pierce,2-(927)921-2330,dcastillom@purevolume.com
Bobby,Larson,M,2010-01-21,1-(135)050-7529,4 Jay Parkway,rwoodn@vinaora.com,Double T,Richard Wood,0-(950)615-6951,Technical Writer,Anthony,Jenkins,0-(928)281-3636,rwoodn@mtv.com
Henry,Ross,M,2008-05-11,0-(240)529-5700,68325 Haas Hill,gfullero@parallels.com,Cisplatin,George Fuller,8-(450)527-2367,Programmer Analyst IV,Victor,Jenkins,3-(114)984-4254,gfullero@usnews.com
Kimberly,Lawson,F,2008-03-31,1-(289)255-9953,78600 Maywood Way,slongp@google.cn,,Sharon Long,0-(729)093-4640,Product Engineer,Susan,Hughes,7-(982)539-1234,slongp@toplist.cz
John,Perry,M,2010-08-26,6-(047)591-3725,417 Evergreen Junction,ecruzq@nih.gov,,Edward Cruz,1-(639)892-7903,Food Chemist,Roy,Rogers,8-(513)668-1285,ecruzq@ibm.com
Margaret,Day,F,2011-09-04,7-(801)994-0015,70 Spohn Drive,bfordr@ted.com,Bentyl,Brenda Ford,8-(497)479-5338,Database Administrator II,Kathleen,Howard,4-(303)970-3446,bfordr@jigsy.com
Roy,Montgomery,M,2013-02-05,4-(355)801-2783,86549 Eastwood Alley,jtaylors@seattletimes.com,,Juan Taylor,7-(699)259-7613,VP Accounting,James,Nichols,7-(480)072-0752,jtaylors@cloudflare.com
Lawrence,Rogers,M,2012-09-26,1-(154)323-3544,157 Sachs Point,wsimmonst@chicagotribune.com,,Wayne Simmons,6-(127)146-9759,Associate Professor,Wayne,Davis,7-(767)256-2458,wsimmonst@sciencedirect.com
Kathy,Price,F,2003-08-17,7-(331)891-8184,8739 Kings Crossing,mnelsonu@ebay.co.uk,Clozapine,Mary Nelson,4-(205)386-6733,Analog Circuit Design manager,Janice,Dean,8-(428)779-7068,mnelsonu@weibo.com
Albert,Fernandez,M,2008-02-06,9-(943)837-7886,7342 Loeprich Circle,rhamiltonv@hibu.com,Bupivacaine Hydrochloride and Epinephrine,Raymond Hamilton,3-(865)809-6204,Actuary,Gerald,James,5-(566)288-7496,rhamiltonv@google.com
Marie,Myers,F,2008-03-05,9-(392)284-3763,307 Ridgeview Place,dwilliamsonw@wikia.com,Head and Shoulders Conditioner,Diane Williamson,2-(121)846-1330,Health Coach II,Amanda,Frazier,5-(440)517-7052,dwilliamsonw@google.de
Mary,Gonzalez,F,2011-07-06,9-(933)979-9713,3 Rieder Parkway,kfernandezx@quantcast.com,,Kathryn Fernandez,4-(215)673-7456,Financial Advisor,Susan,Fuller,5-(858)605-0039,kfernandezx@usda.gov
Doris,Ellis,F,2005-06-26,5-(335)580-7003,432 Maple Junction,amendozay@friendfeed.com,Passiflora Crataegus,Angela Mendoza,3-(162)273-0066,Teacher,Carolyn,Harper,0-(707)939-3300,amendozay@cam.ac.uk
Barbara,Crawford,F,2015-02-10,6-(767)445-2628,2695 Bluestem Alley,alawsonz@nbcnews.com,Cold Relief Daytime Multi-Symptom,Angela Lawson,9-(538)895-6764,Research Nurse,Frances,Daniels,0-(663)602-1427,alawsonz@geocities.com
Craig,Porter,M,2013-11-22,8-(928)243-7717,849 Linden Alley,mgreen10@free.fr,,Michael Green,8-(717)400-1683,Automation Specialist II,Charles,Hamilton,9-(057)535-2635,mgreen10@blogger.com
Lawrence,Williams,M,2003-10-11,8-(661)567-5594,94437 Darwin Trail,dray11@liveinternet.ru,,Daniel Ray,0-(806)395-7023,Media Manager I,Bruce,Crawford,9-(322)865-6868,dray11@hc360.com
Steven,Franklin,M,2010-08-09,2-(887)216-2449,8 Karstens Street,cwatson12@vk.com,,Carlos Watson,7-(352)985-8811,Research Assistant IV,Jesse,Shaw,8-(406)497-7689,cwatson12@weebly.com
Judy,Lopez,F,2008-05-18,7-(041)320-3968,1523 Westend Hill,llewis13@freewebs.com,,Louise Lewis,4-(567)056-3429,Recruiting Manager,Katherine,Kennedy,2-(830)871-2991,llewis13@netscape.com
Todd,Weaver,M,2014-02-08,3-(675)227-8707,734 Sutteridge Lane,smendoza14@mayoclinic.com,,Steven Mendoza,9-(319)791-8312,Quality Control Specialist,Jerry,Alvarez,0-(204)515-4497,smendoza14@stumbleupon.com
Patrick,Harrison,M,2006-11-29,5-(597)333-2617,57380 Vidon Court,rflores15@flickr.com,,Randy Flores,7-(959)870-9329,Safety Technician I,Douglas,Bishop,1-(481)449-6500,rflores15@springer.com
Henry,Kim,M,2005-07-06,2-(131)182-1848,318 Springs Trail,aburton16@sbwire.com,BETAMETHASONE DIPROPIONATE,Anthony Burton,1-(233)392-7146,Accounting Assistant IV,Terry,Knight,0-(820)255-4088,aburton16@cpanel.net
Heather,Gutierrez,F,2004-02-11,8-(559)568-0608,73667 Moulton Trail,cgreene17@wikipedia.org,Clonidine Hydrochloride,Carolyn Greene,6-(008)510-2183,Assistant Professor,Maria,Thomas,1-(744)663-1704,cgreene17@google.cn
Douglas,Kim,M,2007-11-11,0-(052)140-2189,46166 Rusk Drive,vbrown18@cisco.com,,Victor Brown,5-(284)549-4676,Computer Systems Analyst II,Billy,Andrews,9-(602)605-9463,vbrown18@ameblo.jp
Adam,Robertson,M,2011-08-07,0-(151)040-0758,58704 Pawling Point,jcooper19@hp.com,,John Cooper,4-(190)338-6290,Actuary,Victor,Phillips,1-(970)049-9351,jcooper19@drupal.org
Ashley,Mccoy,F,2009-03-14,0-(055)108-7090,91034 Jenifer Way,bfowler1a@desdev.cn,Ketorolac Tromethamine,Brenda Fowler,7-(679)236-4546,Geological Engineer,Judith,Perry,1-(556)262-2497,bfowler1a@wiley.com
Helen,Williamson,F,2011-09-22,4-(310)234-8816,424 Tomscot Hill,hjones1b@comsenz.com,,Heather Jones,1-(757)789-1192,Programmer II,Christina,Dean,0-(334)337-1128,hjones1b@apache.org
Helen,Moreno,F,2003-02-19,8-(155)340-4512,1 Mallard Court,nlee1c@blogs.com,Kenalog,Norma Lee,5-(375)654-7361,Senior Developer,Paula,Ray,6-(829)032-5008,nlee1c@elegantthemes.com
Roy,Matthews,M,2009-02-05,0-(020)190-2737,86797 Surrey Center,devans1d@xing.com,,Donald Evans,2-(509)994-7766,Help Desk Operator,James,Mccoy,1-(674)611-1133,devans1d@furl.net
Wanda,Jordan,F,2012-02-04,7-(971)071-1115,20 Montana Point,rbradley1e@eventbrite.com,,Robin Bradley,5-(487)030-0482,Account Executive,Irene,Cunningham,6-(316)297-1889,rbradley1e@wp.com
Steven,Stewart,M,2008-09-03,7-(245)768-0374,9810 Elgar Drive,awilson1f@businessweek.com,Para Grass Pollen,Aaron Wilson,5-(866)447-1232,Web Designer IV,Ryan,Ramos,2-(726)774-6544,awilson1f@businessweek.com
Jennifer,Richards,F,2007-05-06,2-(832)537-9427,738 Cascade Terrace,kcampbell1g@java.com,,Kathy Campbell,4-(976)479-7425,Food Chemist,Paula,Cole,9-(907)676-9555,kcampbell1g@gravatar.com
Arthur,Edwards,M,2012-02-17,6-(925)459-0399,8 Northland Point,srichardson1h@squidoo.com,,Steve Richardson,7-(391)756-3698,Budget/Accounting Analyst III,Philip,Cunningham,1-(495)439-3713,srichardson1h@digg.com
Paul,Robinson,M,2004-12-09,1-(113)563-9665,4 Eliot Parkway,mburns1i@cloudflare.com,Arnica e pl. tota 12,Martin Burns,4-(621)468-9220,Nuclear Power Engineer,Todd,Ross,8-(741)271-3563,mburns1i@imgur.com
Cynthia,West,F,2000-06-17,9-(160)652-5176,915 Cody Plaza,tmiller1j@behance.net,,Tammy Miller,8-(912)809-1417,Structural Analysis Engineer,Emily,Tucker,8-(529)252-9389,tmiller1j@gravatar.com
Johnny,Turner,M,2014-09-16,5-(718)469-5736,30 Raven Court,mbanks1k@ask.com,,Matthew Banks,4-(271)539-1108,Help Desk Operator,Scott,Marshall,2-(707)480-6787,mbanks1k@indiatimes.com
Juan,Jones,M,2010-05-29,3-(368)319-0979,954 Banding Center,cgonzales1l@microsoft.com,,Carlos Gonzales,1-(226)603-1480,Software Test Engineer I,Jack,Garrett,1-(585)852-3811,cgonzales1l@prnewswire.com
Jesse,Snyder,M,2004-07-11,6-(049)997-0243,24596 Schiller Crossing,swatkins1m@fotki.com,Lidocaine,Scott Watkins,9-(970)797-1902,VP Marketing,Carl,Mills,5-(927)618-4703,swatkins1m@salon.com
Joshua,Banks,M,2014-03-26,3-(542)867-1899,960 Loftsgordon Road,fsimmons1n@bloomberg.com,Apis Belladonna Fever Relief,Frank Simmons,0-(859)016-3757,Senior Editor,Gregory,Willis,4-(268)993-2071,fsimmons1n@cocolog-nifty.com
Scott,Cole,M,2005-12-05,5-(332)325-1142,8 Fisk Hill,swright1o@reverbnation.com,,Steve Wright,3-(448)164-4417,Statistician II,Shawn,Shaw,2-(144)262-2813,swright1o@answers.com
Jesse,Banks,M,2014-07-05,2-(008)602-1582,323 Southridge Place,afoster1p@amazonaws.com,,Antonio Foster,6-(079)324-0572,Paralegal,Chris,Mendoza,6-(202)586-3962,afoster1p@google.com
Joe,Bishop,M,2012-06-05,8-(369)616-7032,4 Warbler Lane,hmeyer1q@theatlantic.com,Antispetic,Harry Meyer,3-(400)638-9290,Automation Specialist I,Albert,Reid,9-(440)438-9845,hmeyer1q@elpais.com
Robin,Gonzalez,F,2014-11-13,6-(953)689-5018,33900 Northport Crossing,lprice1r@bbb.org,,Linda Price,7-(862)226-7895,Pharmacist,Alice,Ford,1-(159)312-5703,lprice1r@multiply.com
Michelle,Richardson,F,2005-06-15,4-(579)150-0624,4 Victoria Plaza,carnold1s@twitter.com,,Christine Arnold,1-(887)593-1960,Internal Auditor,Bonnie,Hill,5-(962)316-9560,carnold1s@e-recht24.de
Eugene,Peters,M,2008-11-13,2-(064)204-7247,14 Golf View Terrace,ealvarez1t@amazon.co.jp,Desoxyn,Edward Alvarez,5-(926)124-6833,Assistant Manager,Harry,Duncan,3-(902)716-3740,ealvarez1t@biglobe.ne.jp
Anna,Anderson,F,2001-10-17,5-(848)757-8406,63 Harper Hill,drobertson1u@oakley.com,,Denise Robertson,5-(082)045-8291,Programmer Analyst I,Kathryn,Castillo,2-(663)126-2879,drobertson1u@hhs.gov
Lois,Mills,F,2008-01-06,2-(440)987-9897,59800 Anniversary Point,mrivera1v@live.com,Profilnine,Mary Rivera,1-(438)393-8033,Accounting Assistant III,Rose,Williamson,3-(322)591-6761,mrivera1v@indiegogo.com
Mark,Barnes,M,2014-10-06,0-(165)891-4159,5829 Kim Center,cwhite1w@cam.ac.uk,,Clarence White,5-(280)149-0220,Office Assistant II,George,Meyer,0-(259)847-6616,cwhite1w@columbia.edu
Brenda,Matthews,F,2013-04-10,8-(348)194-4623,8 Mcbride Street,vmartinez1x@baidu.com,,Virginia Martinez,8-(886)121-6519,Nurse,Gloria,Mcdonald,0-(326)252-5086,vmartinez1x@virginia.edu
Todd,Franklin,M,2009-07-22,2-(667)148-9049,888 Nobel Hill,bhicks1y@xing.com,,Bobby Hicks,8-(771)107-7103,Cost Accountant,Raymond,Perkins,5-(614)240-8526,bhicks1y@washington.edu
Antonio,Andrews,M,2010-02-23,6-(749)351-1682,2 Bartillon Lane,ehudson1z@ycombinator.com,,Edward Hudson,4-(559)999-0412,Civil Engineer,Peter,Taylor,5-(767)740-8884,ehudson1z@twitpic.com
Elizabeth,Porter,F,2011-07-05,2-(478)715-0486,72 Maple Wood Hill,npeters20@mozilla.com,,Norma Peters,7-(509)459-0498,Senior Editor,Sandra,Chapman,6-(944)094-1243,npeters20@noaa.gov
Mary,Kelley,F,2003-06-02,9-(106)865-6283,56 Straubel Center,darmstrong21@psu.edu,,Deborah Armstrong,8-(718)972-7320,Paralegal,Carolyn,Cruz,7-(551)498-8162,darmstrong21@jimdo.com
Tammy,Cox,F,2012-09-02,9-(845)250-1787,531 Paget Way,palvarez22@nydailynews.com,,Pamela Alvarez,8-(455)263-1926,Chief Design Engineer,Jacqueline,Powell,2-(405)023-7758,palvarez22@google.nl
Cheryl,Wagner,F,2009-12-02,3-(134)623-5288,0951 Little Fleur Trail,dtaylor23@seattletimes.com,Hydrocodone Bitartrate and Acetaminophen,Denise Taylor,3-(561)075-4141,Account Coordinator,Elizabeth,Austin,0-(072)041-4694,dtaylor23@yale.edu
Susan,Jordan,F,2011-06-22,9-(075)179-6178,273 Iowa Place,rkennedy24@kickstarter.com,AMOREPACIFIC,Rebecca Kennedy,8-(043)326-8320,Design Engineer,Jean,Jordan,4-(348)692-5510,rkennedy24@freewebs.com
Julie,Ryan,F,2010-06-12,8-(493)610-0251,73 Fulton Avenue,jduncan25@booking.com,migraine relief,Julie Duncan,8-(405)060-2698,Editor,Jane,Thomas,5-(999)722-5686,jduncan25@pcworld.com
Gerald,Anderson,M,2012-01-21,7-(049)088-0504,019 Warbler Center,jmorgan26@blogspot.com,,Johnny Morgan,1-(937)263-0231,Human Resources Manager,David,Watkins,2-(736)982-5068,jmorgan26@csmonitor.com
Bobby,Lynch,M,2013-08-14,9-(447)960-5756,5 Tennessee Circle,rday27@epa.gov,,Russell Day,0-(606)435-1471,Accountant I,James,Boyd,7-(022)282-2111,rday27@seattletimes.com
Doris,Nichols,F,2002-02-06,1-(104)187-1882,769 Kingsford Plaza,chudson28@tripod.com,,Cheryl Hudson,7-(313)063-3071,Food Chemist,Virginia,Morgan,0-(475)053-9950,chudson28@uol.com.br
Joseph,Myers,M,2006-10-19,7-(068)793-0272,3714 Fairview Center,jsanders29@indiegogo.com,,Jesse Sanders,6-(587)511-0899,Help Desk Operator,Peter,Foster,8-(576)937-8985,jsanders29@e-recht24.de
Melissa,Carroll,F,2013-05-30,6-(570)137-1414,39 Pine View Drive,jhowell2a@dedecms.com,,Jean Howell,8-(977)228-6127,Environmental Specialist,Sandra,Fuller,3-(088)044-8781,jhowell2a@mit.edu
Rose,Rivera,F,2004-10-17,6-(942)659-9748,1729 Bluestem Avenue,dphillips2b@bbb.org,,Debra Phillips,9-(365)018-8994,Tax Accountant,Margaret,Grant,8-(502)320-1524,dphillips2b@shareasale.com
Sandra,Mills,F,2014-06-18,5-(713)508-1913,4605 Prentice Park,ecarr2c@shareasale.com,,Emily Carr,8-(162)638-8030,Technical Writer,Cynthia,Dean,3-(198)441-8631,ecarr2c@yale.edu
Theresa,Scott,F,2001-05-22,8-(300)724-6052,5 Walton Avenue,vberry2d@gizmodo.com,,Virginia Berry,7-(032)855-7990,Senior Financial Analyst,Kathleen,Shaw,9-(205)114-9858,vberry2d@acquirethisname.com
Bruce,Wells,M,2004-08-22,2-(196)972-2354,0 Hallows Avenue,dhudson2e@shutterfly.com,,David Hudson,1-(147)731-5062,Actuary,Willie,Edwards,1-(005)812-3621,dhudson2e@creativecommons.org
Kathleen,Welch,F,2006-02-08,4-(426)589-7870,7 Lakewood Gardens Court,srobertson2f@eepurl.com,,Sarah Robertson,2-(710)627-7886,Software Consultant,Michelle,Kim,9-(455)912-9528,srobertson2f@senate.gov
Dorothy,Romero,F,2005-03-26,5-(786)755-3507,9 Burning Wood Crossing,ahenry2g@wunderground.com,Mefloquine Hydrochloride,Amanda Henry,0-(332)780-2847,GIS Technical Architect,Nicole,Gonzalez,1-(364)359-3590,ahenry2g@wikia.com
Lois,Greene,F,2011-01-01,1-(681)815-1405,095 Browning Center,aferguson2h@typepad.com,Timoptic,Anne Ferguson,0-(612)680-4620,Civil Engineer,Kathleen,Brooks,0-(031)399-5340,aferguson2h@washingtonpost.com
Thomas,Ward,M,2011-01-25,4-(534)786-0691,60 Helena Center,emills2i@lulu.com,mally Face Defender Foundation,Eric Mills,8-(374)074-0210,Director of Sales,Gerald,Crawford,4-(210)709-6932,emills2i@fema.gov
Ralph,Morgan,M,2012-06-29,1-(856)460-3631,6 Burrows Alley,jdiaz2j@altervista.org,PureFe OB Plus,Jose Diaz,7-(869)931-2777,Systems Administrator I,Robert,Robertson,6-(982)271-2112,jdiaz2j@spotify.com
Emily,Ross,F,2010-10-07,6-(694)170-8807,67525 Fair Oaks Place,bmccoy2k@acquirethisname.com,,Beverly Mccoy,2-(354)829-8215,Safety Technician III,Kathryn,Little,0-(525)708-5843,bmccoy2k@cbsnews.com
Martha,Stephens,F,2000-07-08,0-(121)862-2848,1897 International Hill,dray2l@csmonitor.com,Choice Personal Care Cocoa Butter Scented Petroleum,Denise Ray,6-(376)442-4376,Sales Representative,Susan,Holmes,7-(668)405-2965,dray2l@elpais.com
Willie,Green,M,2003-08-02,6-(750)934-1438,47 Dawn Avenue,jyoung2m@acquirethisname.com,,Jeremy Young,7-(212)105-0528,Accounting Assistant I,Clarence,Boyd,1-(817)683-9533,jyoung2m@is.gd
Virginia,Bailey,F,2003-10-07,6-(073)896-0545,3 Kensington Trail,mbryant2n@plala.or.jp,,Mary Bryant,0-(439)329-5907,Marketing Assistant,Carolyn,Mcdonald,4-(921)845-9358,mbryant2n@sbwire.com
Cynthia,Torres,F,2001-12-04,4-(605)320-0996,040 Cody Pass,dhoward2o@prlog.org,Welchol,Donna Howard,1-(995)434-3356,Electrical Engineer,Angela,Price,2-(511)484-9263,dhoward2o@privacy.gov.au
Jimmy,Wright,M,2001-12-22,5-(218)610-7723,7299 Packers Avenue,chanson2p@bigcartel.com,,Clarence Hanson,9-(594)591-5727,Programmer III,Adam,Murray,0-(897)002-9946,chanson2p@aboutads.info
Elizabeth,Hunter,F,2006-02-22,3-(541)138-7585,7 Bultman Lane,pday2q@msu.edu,Amlodipine Besylate,Patricia Day,5-(155)130-6851,Recruiter,Anna,Duncan,6-(152)540-6688,pday2q@tiny.cc
Sharon,Hamilton,F,2004-11-21,0-(328)583-8853,43 Utah Hill,msanchez2r@examiner.com,,Melissa Sanchez,3-(962)470-7713,Accounting Assistant I,Teresa,Butler,4-(119)000-1303,msanchez2r@blogger.com
Ann,Diaz,F,2004-08-25,1-(250)005-9246,3796 Waywood Circle,jlawrence2s@sciencedirect.com,,Julia Lawrence,7-(426)164-1388,Sales Representative,Alice,Peterson,1-(477)842-7039,jlawrence2s@nature.com
Frank,Chapman,M,2001-10-01,2-(806)601-1166,058 Gale Road,cberry2t@imgur.com,,Charles Berry,0-(763)970-0570,VP Accounting,Philip,Howell,9-(494)622-0809,cberry2t@furl.net
Larry,Cruz,M,2004-06-01,9-(295)308-2171,1734 Emmet Way,epatterson2u@techcrunch.com,Candida albicans,Eugene Patterson,9-(758)699-8248,Product Engineer,Louis,Burton,0-(701)915-4017,epatterson2u@google.it
Ryan,Ford,M,2014-09-18,2-(945)808-0291,6839 Muir Center,arodriguez2v@behance.net,,Adam Rodriguez,4-(993)804-7634,Geologist III,Jimmy,Coleman,7-(365)407-3818,arodriguez2v@sphinn.com
Gary,Jordan,M,2005-11-15,3-(684)677-7487,15469 Caliangt Crossing,rsimpson2w@paypal.com,,Richard Simpson,2-(609)390-0843,Product Engineer,Michael,Bailey,8-(804)821-5387,rsimpson2w@china.com.cn
Patrick,Hernandez,M,2003-12-19,3-(476)530-1490,32 Menomonie Circle,gcrawford2x@patch.com,,Gary Crawford,3-(884)651-9766,Editor,Roger,Stanley,3-(956)934-3120,gcrawford2x@pinterest.com
Joe,Carpenter,M,2006-07-31,6-(754)719-8507,9 Petterle Park,rporter2y@discovery.com,,Ronald Porter,4-(155)694-2155,Information Systems Manager,Todd,Dean,0-(805)086-1361,rporter2y@godaddy.com
Andrea,Jacobs,F,2011-10-13,8-(563)454-4618,4 Brentwood Plaza,sreyes2z@dmoz.org,,Stephanie Reyes,1-(761)030-6290,Operator,Kathleen,Jones,6-(038)730-1285,sreyes2z@drupal.org
Susan,Owens,F,2005-06-26,3-(213)654-5109,93 Clyde Gallagher Circle,cmontgomery30@reddit.com,Heartburn Relief,Cynthia Montgomery,7-(492)295-1220,Engineer I,Tina,Hansen,5-(139)966-0607,cmontgomery30@wsj.com
Steve,Gonzales,M,2012-07-01,0-(793)265-3137,099 Gale Center,nhart31@tamu.edu,,Nicholas Hart,7-(447)780-5178,Executive Secretary,Louis,Richards,0-(503)959-8900,nhart31@discuz.net
Louis,Ferguson,M,2008-03-14,3-(820)024-3693,39342 Cardinal Junction,cnichols32@psu.edu,,Carl Nichols,6-(606)291-7619,Accounting Assistant I,Jack,Harris,5-(400)762-5283,cnichols32@soundcloud.com
Shawn,Hill,M,2012-01-02,7-(073)406-2636,816 American Ash Point,rstevens33@earthlink.net,migraine formula,Ralph Stevens,5-(305)816-0933,Payment Adjustment Coordinator,Philip,Black,9-(280)513-6075,rstevens33@amazon.de
Chris,Roberts,M,2003-05-26,2-(440)822-9250,21 Scoville Street,tsanders34@vimeo.com,,Thomas Sanders,0-(760)971-7192,Librarian,Steven,Taylor,2-(643)383-1044,tsanders34@dmoz.org
Randy,Weaver,M,2015-01-13,0-(403)093-1506,2 4th Center,jkelly35@google.co.jp,Georgia-Pacific Alcohol Hand Sanitizer,Jason Kelly,8-(387)767-7343,Compensation Analyst,Philip,Tucker,9-(081)162-8012,jkelly35@xrea.com
Gerald,Welch,M,2012-07-11,7-(735)927-5413,87 Holmberg Crossing,bdiaz36@slashdot.org,,Brian Diaz,0-(694)663-4202,Graphic Designer,Matthew,Reid,8-(295)637-4557,bdiaz36@edublogs.org
Janet,Alexander,F,2008-05-14,5-(500)984-7794,57542 Mccormick Court,mramirez37@google.com.br,,Maria Ramirez,1-(927)346-2992,Structural Engineer,Betty,Parker,7-(907)436-6615,mramirez37@technorati.com
Katherine,Washington,F,2000-11-08,3-(831)813-7573,1784 Anniversary Alley,cortiz38@mediafire.com,,Carolyn Ortiz,5-(578)576-3498,Compensation Analyst,Cynthia,Wells,5-(803)866-0097,cortiz38@ted.com
Clarence,Garrett,M,2008-09-07,5-(365)579-1870,39 Waxwing Point,jlawson39@amazonaws.com,,Jeffrey Lawson,9-(283)573-9049,Recruiting Manager,Clarence,Smith,1-(277)464-1314,jlawson39@go.com
Melissa,Dixon,F,2002-10-21,5-(536)644-6844,2410 Grayhawk Street,jholmes3a@dell.com,Pedia Care,Jacqueline Holmes,9-(698)491-3812,Senior Developer,Lori,Garza,8-(150)848-7994,jholmes3a@prlog.org
Theresa,Wallace,F,2000-04-20,1-(058)541-5943,39175 Katie Junction,mwilson3b@about.me,,Maria Wilson,1-(866)542-7058,Environmental Specialist,Norma,Johnston,2-(369)784-7500,mwilson3b@smugmug.com
Helen,Lee,F,2014-05-26,4-(376)429-5017,190 Vera Point,ibryant3c@moonfruit.com,,Irene Bryant,8-(617)413-4120,Geological Engineer,Anna,Castillo,7-(753)938-7823,ibryant3c@netvibes.com
Andrea,Hunter,F,2008-04-07,7-(965)998-5921,3190 Prairie Rose Drive,cfoster3d@webeden.co.uk,Metformin Hydrochloride,Cynthia Foster,7-(285)284-3819,Web Designer III,Virginia,Mills,4-(715)440-7563,cfoster3d@wired.com
Peter,Wheeler,M,2008-05-23,9-(759)287-2035,48 Merrick Way,hmills3e@elegantthemes.com,Morphine Sulfate,Harry Mills,1-(682)838-0453,Marketing Assistant,Louis,Cole,5-(672)456-0040,hmills3e@yahoo.com
Norma,Cox,F,2005-04-17,8-(840)580-4911,3230 Bultman Park,kfox3f@hexun.com,Verapamil Hydrochloride,Kelly Fox,6-(071)149-1002,VP Quality Control,Carol,Watkins,7-(604)971-6704,kfox3f@ning.com
George,Carpenter,M,2001-03-12,9-(187)776-8778,9237 Scott Terrace,pjordan3g@bandcamp.com,ESIKA,Philip Jordan,2-(052)448-8369,Assistant Professor,Martin,Hansen,5-(321)049-0303,pjordan3g@nhs.uk
Anne,Bailey,F,2013-09-04,3-(067)395-9401,718 Mendota Place,jbaker3h@networksolutions.com,,Judith Baker,3-(869)391-2057,Software Engineer I,Marilyn,Jenkins,4-(891)463-2510,jbaker3h@nymag.com
Ronald,Reyes,M,2008-01-07,5-(554)471-3144,93161 Heath Terrace,sferguson3i@earthlink.net,Ibuprofen,Samuel Ferguson,2-(623)624-3366,Accounting Assistant I,Joseph,Stevens,5-(864)676-9753,sferguson3i@slate.com
Nancy,Vasquez,F,2008-09-20,5-(402)985-3419,14650 Michigan Road,cdunn3j@nhs.uk,Simvastatin,Carol Dunn,8-(973)782-8430,VP Marketing,Janice,Edwards,7-(443)323-8534,cdunn3j@usa.gov
Antonio,Martinez,M,2012-03-14,7-(835)286-2806,70 Fremont Parkway,bcrawford3k@guardian.co.uk,,Bruce Crawford,2-(635)322-4361,Safety Technician IV,Wayne,Woods,9-(871)594-8172,bcrawford3k@photobucket.com
Tammy,Richards,F,2007-03-26,7-(894)746-9416,4854 Weeping Birch Park,ptaylor3l@army.mil,Hipoglos,Pamela Taylor,3-(856)857-1462,Nuclear Power Engineer,Denise,Perkins,6-(135)534-0965,ptaylor3l@soup.io
Henry,Marshall,M,2001-12-04,9-(081)994-1479,2006 Grayhawk Point,jryan3m@cnet.com,,Jonathan Ryan,5-(234)216-6343,Registered Nurse,Howard,Mason,9-(061)597-6888,jryan3m@homestead.com
Kelly,Daniels,F,2013-12-22,9-(162)635-7213,821 Lillian Road,daustin3n@latimes.com,Stratuscare Antacid and Antigas Regular Strength,Diana Austin,1-(073)883-4719,Senior Developer,Beverly,Porter,3-(131)827-9122,daustin3n@mozilla.com
Marie,Hughes,F,2003-12-02,8-(706)345-0918,805 Dawn Hill,pstephens3o@bandcamp.com,,Patricia Stephens,1-(355)626-2218,Social Worker,Kelly,Carr,8-(280)982-0376,pstephens3o@answers.com
Bruce,Martinez,M,2003-07-02,7-(398)315-9342,71679 Sutteridge Alley,ktaylor3p@spiegel.de,Benazepril Hydrochloride and Hydrochlorothiazide,Kenneth Taylor,5-(228)718-8373,Recruiter,Gregory,Jones,7-(454)616-9306,ktaylor3p@squidoo.com
Antonio,Sanders,M,2005-12-19,9-(256)317-8848,672 Sugar Avenue,cgardner3q@weebly.com,,Chris Gardner,6-(088)583-2147,Social Worker,Martin,Fowler,5-(745)989-9044,cgardner3q@usatoday.com
Anna,West,F,2010-03-12,5-(519)765-7821,10 Independence Hill,mevans3r@constantcontact.com,,Michelle Evans,1-(394)160-8337,Design Engineer,Annie,Lawson,5-(645)809-9564,mevans3r@answers.com
Judith,George,F,2008-06-22,6-(908)407-1203,169 Dennis Junction,bking3s@amazon.co.uk,,Betty King,0-(147)243-5014,Developer IV,Martha,Phillips,2-(936)205-2043,bking3s@google.com.hk
Shirley,Mendoza,F,2009-05-11,6-(431)738-3986,3764 Debra Terrace,mreed3t@umich.edu,Hazelnut,Martha Reed,0-(651)631-2274,Chief Design Engineer,Ann,Ramos,8-(533)065-4161,mreed3t@merriam-webster.com
Frances,Richards,F,2010-03-30,1-(643)788-8824,33 Quincy Alley,cgraham3u@engadget.com,,Cynthia Graham,4-(809)478-2585,Budget/Accounting Analyst II,Rebecca,Howard,8-(389)173-6752,cgraham3u@smh.com.au
Daniel,Castillo,M,2010-03-29,1-(717)195-4429,414 Fremont Court,mwillis3v@behance.net,,Mark Willis,1-(943)094-1697,Quality Engineer,Jason,Kelley,5-(137)193-8511,mwillis3v@amazon.com
Patricia,Perez,F,2014-07-15,1-(864)479-2445,6066 Fordem Center,jmills3w@tuttocitta.it,,Jacqueline Mills,1-(288)737-9235,Chief Design Engineer,Diane,Webb,6-(092)481-9356,jmills3w@tiny.cc
Harry,Dixon,M,2006-04-12,5-(801)983-4889,3978 Butterfield Parkway,slee3x@ifeng.com,,Steven Lee,2-(446)864-9724,Operator,Matthew,Little,7-(549)092-7448,slee3x@tinypic.com
Juan,Carpenter,M,2003-01-24,2-(420)831-8840,63 Eliot Court,fmorales3y@fastcompany.com,Linkus Lozenges,Frank Morales,9-(363)209-9644,Programmer II,Wayne,Ellis,3-(841)034-9035,fmorales3y@usatoday.com
Ruth,Olson,F,2012-04-13,5-(293)078-4048,6 La Follette Alley,gkelley3z@amazon.co.uk,,Gloria Kelley,3-(772)699-1161,Environmental Specialist,Doris,Fuller,3-(167)439-0427,gkelley3z@cocolog-nifty.com
Steven,Wilson,M,2000-03-27,7-(404)982-5167,8 Atwood Lane,anelson40@economist.com,,Adam Nelson,4-(477)103-4124,Developer I,Keith,Bowman,2-(687)148-6653,anelson40@php.net
Martin,Hall,M,2005-07-22,5-(455)306-4534,9 Orin Crossing,bcoleman41@facebook.com,,Billy Coleman,8-(766)201-3783,Information Systems Manager,Ernest,Bradley,3-(810)009-4178,bcoleman41@xinhuanet.com
Daniel,Cox,M,2000-11-16,7-(533)446-6958,325 Rigney Alley,hgarcia42@dropbox.com,,Harry Garcia,8-(935)308-8531,Electrical Engineer,David,Richardson,2-(119)937-2017,hgarcia42@gnu.org
Anthony,Hart,M,2002-01-06,2-(348)419-7257,3 Pankratz Park,pgutierrez43@nps.gov,Yaz,Patrick Gutierrez,0-(459)943-4606,Desktop Support Technician,Dennis,Alvarez,8-(074)909-4819,pgutierrez43@scientificamerican.com
Lisa,Campbell,F,2006-04-13,6-(442)130-2959,824 Dryden Alley,apayne44@dedecms.com,THE BAMBOO OF DAMYANG MOISTURE TONER,Ann Payne,7-(176)876-6853,Executive Secretary,Anna,Montgomery,5-(145)773-7115,apayne44@elegantthemes.com
Ernest,Bryant,M,2012-05-06,8-(349)434-3229,0 Londonderry Parkway,lroberts45@etsy.com,,Louis Roberts,6-(951)508-2281,Safety Technician II,Gerald,Stevens,6-(474)104-5684,lroberts45@webmd.com
Betty,Parker,F,2007-12-29,3-(568)211-1410,4391 Mockingbird Parkway,dking46@etsy.com,,Denise King,0-(379)104-8154,Senior Cost Accountant,Beverly,Porter,5-(036)117-1984,dking46@opera.com
Peter,Woods,M,2008-05-05,8-(901)744-9854,21 Daystar Center,ewilliamson47@tumblr.com,LAMICTAL,Ernest Williamson,1-(227)450-4672,Nuclear Power Engineer,Sean,Hudson,3-(442)954-6071,ewilliamson47@netvibes.com
Jane,Rivera,F,2010-10-07,2-(379)945-2911,90 Calypso Street,kdiaz48@ft.com,,Kimberly Diaz,2-(896)366-1840,Research Nurse,Sara,Holmes,3-(248)353-6432,kdiaz48@cnbc.com
Henry,Holmes,M,2004-12-23,7-(998)074-9927,323 Melrose Parkway,greyes49@i2i.jp,,Gary Reyes,2-(729)104-6606,Director of Sales,Jimmy,Gonzalez,8-(976)232-8606,greyes49@addtoany.com
Thomas,Fisher,M,2006-04-05,9-(662)264-9893,26914 Cascade Hill,pwoods4a@google.ru,,Patrick Woods,1-(823)180-2466,Assistant Manager,Steve,Moore,6-(788)189-4270,pwoods4a@house.gov
Joseph,Wright,M,2001-01-28,3-(139)266-2067,8 Nancy Parkway,bryan4b@printfriendly.com,,Bobby Ryan,3-(220)134-6355,Computer Systems Analyst I,Carlos,Davis,2-(622)637-5060,bryan4b@gov.uk
Cynthia,Coleman,F,2008-03-30,1-(331)795-0448,36 High Crossing Pass,jbradley4c@archive.org,,Jennifer Bradley,8-(080)289-0532,Automation Specialist II,Theresa,Hamilton,4-(507)343-2202,jbradley4c@blogtalkradio.com
Teresa,Reyes,F,2002-01-26,4-(274)241-2635,3138 Acker Road,pgomez4d@godaddy.com,,Phyllis Gomez,7-(241)124-1916,Data Coordiator,Doris,Richardson,0-(333)593-4110,pgomez4d@google.it
Marilyn,Hicks,F,2011-04-07,6-(670)537-8031,6644 Arrowood Terrace,hmorales4e@imageshack.us,,Heather Morales,0-(226)947-4759,Senior Cost Accountant,Teresa,Rose,9-(227)394-5580,hmorales4e@vk.com
Adam,Kennedy,M,2002-04-08,4-(042)582-4363,3618 Petterle Center,cdiaz4f@slideshare.net,,Craig Diaz,7-(416)939-8605,Dental Hygienist,Craig,Gutierrez,0-(470)128-5493,cdiaz4f@google.co.uk
Gary,Carpenter,M,2008-12-25,7-(784)799-5401,8 Loftsgordon Parkway,jarmstrong4g@prlog.org,,John Armstrong,2-(645)981-7428,Structural Analysis Engineer,Samuel,Little,2-(092)416-1025,jarmstrong4g@wikispaces.com
Raymond,Patterson,M,2001-09-06,7-(610)151-2391,6 Green Pass,bgilbert4h@tinyurl.com,,Bobby Gilbert,8-(817)397-9907,VP Quality Control,Terry,Evans,6-(934)653-5985,bgilbert4h@sphinn.com
Lawrence,Smith,M,2013-05-05,0-(705)339-2479,5 Atwood Parkway,gstephens4i@economist.com,,George Stephens,3-(470)431-1622,VP Accounting,Jonathan,Lewis,6-(102)791-0102,gstephens4i@netscape.com
Cheryl,Castillo,F,2001-01-20,6-(117)393-0269,90942 Carpenter Center,dpayne4j@dedecms.com,,Dorothy Payne,0-(120)931-2292,Statistician I,Laura,Wright,1-(402)794-5506,dpayne4j@liveinternet.ru
Eric,Franklin,M,2005-01-07,2-(372)806-7281,7928 Harper Plaza,swest4k@youtube.com,Prazosin Hydrochloride,Sean West,4-(671)485-8905,Recruiter,Robert,Bailey,1-(709)406-5338,swest4k@jigsy.com
Marilyn,Woods,F,2010-08-16,8-(932)216-0316,469 Maryland Way,bgomez4l@walmart.com,,Bonnie Gomez,2-(657)736-5773,Software Test Engineer II,Jennifer,King,9-(393)352-7381,bgomez4l@livejournal.com
Roger,Sanchez,M,2010-06-06,1-(665)610-0063,507 Parkside Junction,jpeterson4m@bravesites.com,Lidocaine Hydrochloride,Jerry Peterson,3-(670)964-3174,Environmental Tech,Jimmy,Henderson,9-(689)555-4042,jpeterson4m@mac.com
Bonnie,Carpenter,F,2000-03-09,9-(804)922-3297,252 Dwight Lane,fgrant4n@businessweek.com,Varicose Veins - Phlebitis,Frances Grant,3-(313)143-7309,VP Product Management,Janet,Ellis,2-(949)778-3467,fgrant4n@theatlantic.com
Rebecca,Fox,F,2008-02-08,6-(326)885-9961,9084 Charing Cross Avenue,drice4o@ehow.com,Alba Natural Acnedote,Debra Rice,2-(222)977-3334,Biostatistician I,Patricia,Cooper,5-(282)372-7806,drice4o@feedburner.com
Jose,Berry,M,2009-02-14,7-(102)727-4715,868 Blaine Court,dburns4p@cargocollective.com,,Douglas Burns,3-(961)366-0485,Staff Accountant II,Jeremy,George,4-(848)727-5576,dburns4p@instagram.com
Ronald,Brooks,M,2012-03-12,7-(266)291-6953,24364 Warbler Parkway,bharrison4q@yellowpages.com,,Benjamin Harrison,7-(118)785-9942,Administrative Assistant IV,Benjamin,Fuller,8-(952)388-1340,bharrison4q@webnode.com
Donald,Ray,M,2002-05-09,9-(244)297-3063,35427 Gulseth Plaza,epeterson4r@g.co,Ibuprofen,Eric Peterson,7-(491)662-5348,Web Developer II,Ronald,Powell,7-(051)590-4453,epeterson4r@mlb.com
Ruby,Sanders,F,2008-06-28,0-(045)335-8633,73 Dawn Pass,gjohnson4s@newsvine.com,Mirtazapine,Gloria Johnson,1-(025)325-1321,Registered Nurse,Joyce,Howell,6-(645)984-4676,gjohnson4s@pagesperso-orange.fr
Victor,Garrett,M,2010-05-25,6-(468)568-8271,4 Stang Parkway,wlewis4t@yellowbook.com,Moisture Renew,Wayne Lewis,1-(410)286-8285,Paralegal,Jonathan,Hamilton,9-(639)629-6180,wlewis4t@java.com
Edward,Ferguson,M,2012-01-15,3-(414)988-5227,0837 Pawling Crossing,swashington4u@ucla.edu,,Shawn Washington,7-(179)029-4919,Professor,Justin,Arnold,5-(531)082-1071,swashington4u@toplist.cz
Katherine,Black,F,2007-03-26,1-(948)268-3366,67 Toban Trail,jjackson4v@kickstarter.com,,Jessica Jackson,0-(433)910-7953,Payment Adjustment Coordinator,Joyce,Kennedy,6-(626)662-4703,jjackson4v@ucoz.com
Albert,Greene,M,2006-03-20,6-(950)245-3281,90445 Nancy Alley,bchapman4w@so-net.ne.jp,,Brandon Chapman,0-(176)060-5016,Physical Therapy Assistant,Terry,Ford,3-(489)467-0842,bchapman4w@cisco.com
Louise,Williamson,F,2006-05-17,8-(631)901-4840,77 Lindbergh Park,bspencer4x@wisc.edu,Isopropyl Alcohol,Bonnie Spencer,8-(609)664-0560,Tax Accountant,Rachel,Robertson,6-(342)727-5722,bspencer4x@newsvine.com
Betty,Rogers,F,2012-07-26,9-(041)907-4143,1769 Stuart Trail,pgordon4y@4shared.com,,Phyllis Gordon,2-(853)990-8090,Budget/Accounting Analyst II,Diane,Hawkins,2-(410)216-2564,pgordon4y@parallels.com
Angela,Clark,F,2001-10-14,8-(172)765-5972,6912 Merry Center,landrews4z@hibu.com,DermaCen Antimicrobial-T Hand,Lisa Andrews,2-(506)867-3894,Nuclear Power Engineer,Ruth,Fowler,5-(439)444-8563,landrews4z@umich.edu
Catherine,Mason,F,2010-05-31,8-(009)507-8727,191 Towne Terrace,cjackson50@surveymonkey.com,,Christina Jackson,1-(102)719-9333,Nuclear Power Engineer,Jane,Freeman,3-(133)016-3493,cjackson50@independent.co.uk
Steven,Cook,M,2001-02-03,9-(224)616-4425,2 Saint Paul Junction,acunningham51@aol.com,CORTISPORIN,Alan Cunningham,2-(610)249-0060,Graphic Designer,Harry,Cruz,2-(103)967-4773,acunningham51@myspace.com
Howard,Wheeler,M,2003-10-12,6-(582)584-6772,626 Drewry Crossing,baustin52@yahoo.com,,Billy Austin,1-(192)466-5936,Physical Therapy Assistant,Willie,Welch,5-(107)318-6015,baustin52@webs.com
Margaret,Chavez,F,2005-08-15,6-(062)944-0011,366 Eastwood Lane,mfox53@linkedin.com,,Marie Fox,9-(250)188-9215,Senior Financial Analyst,Margaret,Turner,1-(970)128-1844,mfox53@apple.com
Paula,Burton,F,2009-01-27,9-(868)754-8246,6402 Bluestem Terrace,cstephens54@google.ru,Meperidine Hydrochloride,Cynthia Stephens,6-(484)019-7598,Junior Executive,Melissa,Wells,1-(475)495-4600,cstephens54@histats.com
Susan,Bowman,F,2009-12-11,9-(219)414-4609,2 Dixon Place,dhernandez55@addtoany.com,,Doris Hernandez,9-(494)104-1132,Junior Executive,Lori,Dean,5-(710)875-8305,dhernandez55@gmpg.org
Norma,Freeman,F,2005-11-03,4-(029)677-3830,1 Derek Road,kjackson56@devhub.com,,Katherine Jackson,9-(284)974-8394,Physical Therapy Assistant,Sharon,Sanders,7-(681)782-0465,kjackson56@nasa.gov
Helen,Simpson,F,2003-09-29,9-(089)378-3074,8155 American Ash Lane,dsanders57@ning.com,,Doris Sanders,5-(899)579-9208,Mechanical Systems Engineer,Alice,Roberts,7-(330)967-6862,dsanders57@npr.org
Benjamin,Thomas,M,2013-11-14,1-(531)354-5662,73478 Debra Center,arivera58@bbc.co.uk,ONDANSETRON,Alan Rivera,8-(865)270-5248,Research Nurse,Randy,Garza,3-(369)902-4154,arivera58@cisco.com
Michael,Bishop,M,2003-04-05,0-(777)640-4270,6 Spenser Circle,vmason59@comsenz.com,Hemorrhoidal,Victor Mason,7-(997)369-1824,Editor,Thomas,Henry,3-(308)117-9227,vmason59@mapy.cz
Richard,Watkins,M,2007-06-12,9-(654)477-1186,0992 Melby Pass,sreyes5a@people.com.cn,,Samuel Reyes,7-(639)038-0865,Recruiter,Antonio,Chapman,2-(779)392-1640,sreyes5a@wufoo.com
Arthur,Hudson,M,2008-06-07,2-(996)030-9088,86 Gerald Plaza,rreid5b@edublogs.org,Candida Heavy Metal Detox,Russell Reid,2-(270)051-2611,Statistician I,Brandon,Hamilton,3-(050)984-5145,rreid5b@dagondesign.com
Donna,Morrison,F,2014-08-11,8-(056)711-7555,106 Talisman Drive,chart5c@mac.com,Calcitrene,Catherine Hart,4-(036)971-8321,VP Product Management,Louise,Williamson,1-(607)803-2763,chart5c@about.com
Brian,Parker,M,2005-10-16,6-(971)943-8363,3390 Melody Parkway,crichardson5d@t-online.de,,Clarence Richardson,1-(977)642-4588,Professor,Jose,Jacobs,8-(855)263-2816,crichardson5d@elpais.com
Shirley,Freeman,F,2007-03-24,9-(070)770-1975,528 Miller Road,jmiller5e@narod.ru,Prednisone,Janice Miller,7-(405)087-8218,Budget/Accounting Analyst I,Christine,King,1-(385)404-0728,jmiller5e@scribd.com
Alice,Snyder,F,2007-02-06,9-(252)261-2742,0 Forster Hill,chanson5f@ibm.com,Acetaminophen And Codeine,Cynthia Hanson,6-(891)464-5929,Structural Analysis Engineer,Pamela,Hughes,7-(602)661-4483,chanson5f@live.com
Virginia,Hayes,F,2001-06-07,3-(320)256-2566,42 Valley Edge Pass,rcook5g@engadget.com,,Rachel Cook,6-(800)703-1808,Analog Circuit Design manager,Jane,Armstrong,5-(740)992-6893,rcook5g@prnewswire.com
Dorothy,Franklin,F,2004-06-04,2-(417)185-8330,40279 Fulton Park,dcampbell5h@google.pl,Equaline Night Time Sleep Aid,Debra Campbell,4-(160)417-1813,Editor,Joan,Hunter,6-(976)722-4984,dcampbell5h@g.co
Tina,Griffin,F,2008-02-03,0-(105)877-8719,8 Lawn Terrace,asmith5i@topsy.com,,Annie Smith,4-(670)711-7422,Analyst Programmer,Anne,Ward,4-(308)292-1405,asmith5i@hp.com
Lois,Daniels,F,2007-09-23,7-(824)372-3870,0547 Logan Plaza,vlewis5j@examiner.com,,Virginia Lewis,2-(352)550-9368,Health Coach I,Louise,Robinson,4-(251)847-0089,vlewis5j@usda.gov
Julie,Matthews,F,2013-01-01,6-(807)999-3443,394 Atwood Trail,jblack5k@google.co.jp,,Janice Black,2-(902)909-6095,Nurse Practicioner,Mary,Castillo,3-(791)649-4633,jblack5k@mediafire.com
Martha,Howard,F,2004-05-05,5-(812)805-1513,16991 Fulton Road,mfields5l@tmall.com,,Marie Fields,6-(002)858-7295,Compensation Analyst,Kathryn,Bennett,7-(766)572-9477,mfields5l@lulu.com
Jesse,Nelson,M,2008-08-24,9-(723)102-3024,48 Lindbergh Lane,pharrison5m@vk.com,,Phillip Harrison,2-(721)409-5325,Project Manager,Randy,Woods,3-(978)795-7949,pharrison5m@unicef.org
Judith,Schmidt,F,2004-11-07,6-(381)754-3074,52 Fairfield Alley,smorgan5n@bloglovin.com,,Shirley Morgan,4-(398)358-5413,Office Assistant III,Janet,Wagner,6-(523)305-3681,smorgan5n@amazon.co.uk
Karen,Watkins,F,2010-05-11,2-(581)378-8976,138 Westridge Parkway,mburke5o@1und1.de,,Marie Burke,6-(704)198-3175,Structural Analysis Engineer,Rebecca,Phillips,7-(193)201-2795,mburke5o@sogou.com
Phillip,Elliott,M,2009-11-21,2-(595)169-3740,80084 Del Mar Drive,jbradley5p@tinypic.com,Omeprazole,Jose Bradley,2-(897)143-3956,Sales Associate,Kenneth,Sims,5-(662)261-1393,jbradley5p@nature.com
Paula,Burns,F,2014-08-27,8-(278)527-4711,77 Hovde Parkway,lbanks5q@wiley.com,HAWAIIAN TROPIC,Lois Banks,2-(969)520-4268,VP Sales,Robin,Clark,9-(408)710-5014,lbanks5q@irs.gov
Johnny,Carr,M,2002-12-13,5-(653)960-1362,135 Debs Point,jperry5r@linkedin.com,,Joe Perry,0-(382)497-7268,Health Coach I,Samuel,Kennedy,7-(175)827-2557,jperry5r@unicef.org
Roger,Daniels,M,2006-07-13,1-(218)182-5422,7 Forest Dale Street,cedwards5s@hatena.ne.jp,,Charles Edwards,8-(077)766-7915,Software Consultant,Steve,Hayes,9-(269)414-1509,cedwards5s@edublogs.org
Ruby,Gardner,F,2003-11-07,9-(654)077-7007,817 Leroy Place,dwebb5t@comcast.net,,Dorothy Webb,8-(948)596-8831,Associate Professor,Sandra,Owens,5-(164)988-7017,dwebb5t@indiatimes.com
Jason,Stephens,M,2009-03-25,2-(312)436-8487,830 Thackeray Hill,kedwards5u@ft.com,Valacyclovir Hydrochloride,Keith Edwards,4-(049)911-4160,Social Worker,John,Chapman,3-(836)207-5706,kedwards5u@discovery.com
Dennis,Cook,M,2000-12-03,7-(769)380-5761,4631 Maryland Park,fwood5v@vimeo.com,CLINIQUE,Fred Wood,6-(592)315-3411,Analyst Programmer,Bruce,Wells,0-(243)648-3649,fwood5v@meetup.com
Jimmy,Scott,M,2013-11-04,8-(959)294-3408,8 Nova Junction,jbowman5w@myspace.com,Bupropion Hydrochloride,Justin Bowman,1-(857)301-5003,Nuclear Power Engineer,Philip,Myers,5-(128)668-8900,jbowman5w@t.co
James,Thompson,M,2008-01-25,6-(527)063-4314,54669 Elgar Street,sallen5x@google.it,REESES ONETAB COLD AND FLU,Steven Allen,5-(597)174-4333,Nurse,Louis,Dean,2-(913)055-1189,sallen5x@hhs.gov
Anne,Oliver,F,2010-04-27,5-(142)350-1055,1081 Nevada Court,fross5y@fc2.com,Carvedilol,Frances Ross,1-(032)661-7457,Dental Hygienist,Kelly,Stephens,3-(793)149-9123,fross5y@xinhuanet.com
Peter,Porter,M,2011-05-20,3-(634)592-3808,73 Twin Pines Place,jgomez5z@sourceforge.net,,Jonathan Gomez,6-(686)631-1054,Chief Design Engineer,Frank,Dean,5-(911)205-5821,jgomez5z@goo.ne.jp
Andrew,Marshall,M,2003-08-05,5-(587)531-1209,9330 Stoughton Court,jryan60@jalbum.net,stila CC color correcting broad-spectrum SPF 20 08 TAN,Jack Ryan,7-(243)091-1754,Social Worker,Samuel,Lynch,2-(523)456-1919,jryan60@posterous.com
Howard,Berry,M,2005-10-01,4-(889)240-0063,157 Derek Avenue,tblack61@symantec.com,Miconazole 3 Combination Pack,Todd Black,7-(150)623-2149,Nuclear Power Engineer,William,Mendoza,5-(893)939-2726,tblack61@independent.co.uk
Kathleen,Nichols,F,2002-07-19,4-(096)889-9881,518 Surrey Junction,lramos62@google.de,,Lori Ramos,0-(803)073-0030,Assistant Manager,Teresa,Perry,1-(487)938-8516,lramos62@icio.us
Donna,Gomez,F,2008-01-23,5-(326)565-4556,2127 Crescent Oaks Alley,dgibson63@nature.com,FLUOXETINE,Dorothy Gibson,2-(114)362-1663,Web Developer I,Melissa,Armstrong,4-(843)221-4769,dgibson63@amazon.co.uk
Adam,Miller,M,2007-10-22,8-(081)281-3291,2 Rieder Parkway,shayes64@theglobeandmail.com,,Scott Hayes,2-(162)553-1943,Environmental Tech,Andrew,Murphy,3-(679)837-8844,shayes64@ft.com
Jose,Hamilton,M,2011-12-20,6-(279)755-0359,745 Ridge Oak Circle,rwood65@booking.com,,Raymond Wood,2-(044)642-1054,VP Marketing,Jonathan,Taylor,5-(214)730-3710,rwood65@privacy.gov.au
Stephen,Barnes,M,2005-11-29,9-(230)559-9777,18895 Mendota Junction,eanderson66@boston.com,,Edward Anderson,3-(977)174-4534,General Manager,Sean,George,4-(860)815-2666,eanderson66@github.io
Kathryn,Hamilton,F,2006-02-16,5-(058)266-7734,241 8th Point,mreid67@microsoft.com,,Mary Reid,6-(245)656-4091,Registered Nurse,Betty,Harper,6-(909)471-9973,mreid67@imdb.com
Julia,Dean,F,2004-09-24,7-(787)571-6826,2 West Lane,mscott68@dell.com,,Martha Scott,3-(542)608-9780,Human Resources Manager,Evelyn,Boyd,4-(115)108-7556,mscott68@abc.net.au
Heather,Alexander,F,2000-12-24,6-(090)960-2544,8504 David Trail,rkelley69@ning.com,,Rachel Kelley,9-(506)336-7660,Product Engineer,Laura,Olson,7-(004)299-5424,rkelley69@ed.gov
Lisa,Torres,F,2008-01-25,3-(102)580-7383,1738 Wayridge Hill,pmorrison6a@cornell.edu,Stemphylium,Phyllis Morrison,0-(650)568-6869,Computer Systems Analyst I,Annie,Knight,5-(974)127-2454,pmorrison6a@si.edu
Jesse,Reynolds,M,2007-02-04,0-(745)332-7581,25 Goodland Pass,hbutler6b@drupal.org,,Harold Butler,9-(520)574-2184,Human Resources Manager,Michael,Austin,1-(499)600-9953,hbutler6b@mozilla.com
Robin,Griffin,F,2004-10-12,6-(274)245-1452,06 Merrick Alley,vstone6c@cornell.edu,,Virginia Stone,0-(450)822-5420,Quality Engineer,Judith,Gardner,9-(205)695-9033,vstone6c@yellowpages.com
Ernest,Snyder,M,2004-02-03,1-(037)888-1319,6894 Mosinee Drive,jjohnston6d@meetup.com,,John Johnston,1-(562)084-0983,Environmental Specialist,Frank,Palmer,2-(625)290-5135,jjohnston6d@hao123.com
Ronald,Rice,M,2006-10-29,8-(929)167-3608,4405 Everett Place,jcarter6e@tinypic.com,,Joseph Carter,0-(847)002-5629,Analog Circuit Design manager,Keith,Shaw,3-(881)091-7549,jcarter6e@linkedin.com
Andrea,Powell,F,2008-09-11,7-(225)462-6293,21 Golf Center,mcarter6f@jugem.jp,Hourglass Illusion Tinted Moisturizer Ivory,Mary Carter,7-(276)479-6760,Accounting Assistant III,Ashley,Griffin,9-(584)449-0020,mcarter6f@liveinternet.ru
Amanda,Jordan,F,2003-12-08,5-(804)615-7119,473 Nevada Parkway,aross6g@zdnet.com,Sulfamethoxazole and Trimethoprim,Amy Ross,3-(173)388-9338,Professor,Sarah,Willis,2-(197)561-2754,aross6g@admin.ch
Jonathan,Lane,M,2002-07-10,6-(761)872-3095,8 Rockefeller Alley,crobinson6h@dailymotion.com,,Craig Robinson,6-(648)740-2276,Chief Design Engineer,Carlos,Anderson,2-(127)487-3133,crobinson6h@surveymonkey.com
Sean,Roberts,M,2009-05-24,9-(880)643-9486,7 Duke Plaza,wmeyer6i@skype.com,Adalat CC,Wayne Meyer,6-(237)203-3240,Senior Developer,Donald,Hanson,9-(295)232-4266,wmeyer6i@studiopress.com
Teresa,Rodriguez,F,2004-05-16,4-(258)638-6069,5 Buell Avenue,gallen6j@w3.org,Mentholatum Nighttime Vaporizing Rub,Gloria Allen,8-(802)324-7522,Account Representative IV,Brenda,Hawkins,6-(889)858-3157,gallen6j@mayoclinic.com
Jeffrey,Diaz,M,2002-09-07,7-(711)220-3833,9 Basil Road,prussell6k@census.gov,Plasma-Lyte A,Phillip Russell,0-(416)613-9624,Clinical Specialist,Robert,Williamson,5-(807)517-4626,prussell6k@hugedomains.com
Maria,Chapman,F,2014-09-04,7-(875)652-0629,38 Brentwood Center,eboyd6l@newsvine.com,Flector,Evelyn Boyd,6-(725)305-2156,Actuary,Margaret,Evans,7-(067)950-3410,eboyd6l@census.gov
Gregory,Woods,M,2010-12-06,9-(713)773-9229,895 Waywood Alley,dortiz6m@cbslocal.com,,Daniel Ortiz,0-(302)629-2642,Recruiting Manager,Victor,Edwards,3-(107)538-6208,dortiz6m@multiply.com
Robert,Matthews,M,2006-03-10,6-(533)928-6738,229 Packers Terrace,rmartin6n@hhs.gov,Sure Invisible Solid Regular,Robert Martin,1-(247)371-3531,Geological Engineer,Joseph,Hughes,3-(517)541-0094,rmartin6n@mysql.com
Janet,Wagner,F,2006-06-22,2-(442)311-7150,33060 Tomscot Junction,dmitchell6o@fotki.com,,Diane Mitchell,2-(818)470-5143,Internal Auditor,Karen,Sanchez,9-(102)466-7530,dmitchell6o@studiopress.com
Joe,Stephens,M,2003-09-29,2-(692)198-4272,78 Rowland Terrace,rnichols6p@timesonline.co.uk,Trazodone Hydrochloride,Robert Nichols,0-(970)379-5919,Director of Sales,Brandon,Burke,8-(087)542-8774,rnichols6p@mapquest.com
Arthur,Peters,M,2008-02-29,3-(399)209-1754,8 Ryan Place,sspencer6q@yellowbook.com,,Sean Spencer,1-(110)514-3197,Senior Editor,Ralph,Fuller,7-(979)459-7021,sspencer6q@smh.com.au
Nicholas,Williamson,M,2007-02-19,4-(430)213-1344,2 Rutledge Street,ahall6r@phoca.cz,,Alan Hall,2-(197)054-1572,Director of Sales,Raymond,Stone,0-(045)547-3169,ahall6r@abc.net.au
George,Hunt,M,2011-07-26,7-(941)156-3796,508 Brickson Park Crossing,jparker6s@hugedomains.com,,Jeffrey Parker,4-(929)078-7838,VP Quality Control,Larry,Ruiz,3-(227)014-8304,jparker6s@sina.com.cn
James,Fisher,M,2014-10-06,6-(524)681-6675,2625 Burrows Road,mlarson6t@github.com,Alprazolam,Michael Larson,3-(801)083-5944,Electrical Engineer,Craig,Mcdonald,5-(482)046-7411,mlarson6t@ameblo.jp
Judith,Dean,F,2010-05-22,2-(596)764-1685,442 Scott Pass,mdiaz6u@mozilla.org,Yellow Pine,Marilyn Diaz,6-(404)214-3640,Chemical Engineer,Louise,King,8-(112)499-2299,mdiaz6u@wsj.com
Jean,Carter,F,2010-04-10,2-(308)159-6254,481 Corry Trail,ahayes6v@storify.com,Childrens Ibuprofen,Anna Hayes,5-(584)884-1537,Financial Advisor,Cynthia,Rogers,2-(121)867-6107,ahayes6v@blog.com
Bobby,Carroll,M,2001-11-02,1-(952)271-7168,9 Hauk Trail,bhayes6w@usda.gov,,Brandon Hayes,7-(399)554-0602,Director of Sales,Ralph,Washington,7-(853)923-7758,bhayes6w@live.com
Sandra,Romero,F,2011-08-04,1-(340)882-2696,4 Chive Avenue,sbutler6x@nytimes.com,,Sara Butler,3-(834)827-7587,Quality Control Specialist,Mildred,Henderson,0-(838)321-1798,sbutler6x@goodreads.com
Alice,Hawkins,F,2013-05-14,3-(809)637-2590,15 Declaration Crossing,lsullivan6y@hp.com,Stomachin Antacid,Laura Sullivan,4-(413)668-3148,Human Resources Assistant II,Janet,Watkins,6-(134)442-6979,lsullivan6y@photobucket.com
Sara,Robertson,F,2006-09-12,4-(969)565-3289,775 Gina Crossing,dstone6z@histats.com,TretinX,Deborah Stone,3-(377)597-7271,Librarian,Marilyn,Hunt,3-(290)052-7890,dstone6z@livejournal.com
Andrea,Sullivan,F,2003-10-26,0-(486)020-8048,1 Lukken Junction,rporter70@samsung.com,,Rachel Porter,7-(144)250-4050,Senior Cost Accountant,Marie,Jackson,6-(740)033-2233,rporter70@yelp.com
Mary,Kim,F,2005-06-26,2-(592)994-3669,36001 Everett Circle,sgriffin71@baidu.com,,Stephanie Griffin,0-(241)802-2372,Assistant Manager,Rebecca,Spencer,4-(027)285-5080,sgriffin71@geocities.com
Juan,Anderson,M,2003-08-05,2-(065)379-0941,51 Sommers Trail,jperkins72@elegantthemes.com,,Joe Perkins,6-(631)536-0762,Web Developer III,Charles,Anderson,4-(161)997-1474,jperkins72@earthlink.net
Eugene,Henderson,M,2014-06-18,1-(555)360-3494,52247 Charing Cross Crossing,rchavez73@rakuten.co.jp,,Ralph Chavez,7-(288)826-0351,Database Administrator II,Anthony,Schmidt,5-(627)917-9595,rchavez73@lycos.com
Irene,Burns,F,2007-07-28,9-(601)755-2300,16 Crowley Court,jpayne74@washington.edu,,Julie Payne,1-(282)549-1137,Accountant III,Cheryl,Ross,2-(551)062-2598,jpayne74@purevolume.com
Paul,Carpenter,M,2013-04-24,9-(696)270-1138,90171 Stang Junction,sromero75@i2i.jp,Ceftriaxone Sodium,Steven Romero,1-(490)470-2331,Analog Circuit Design manager,Joseph,Gilbert,9-(202)385-5077,sromero75@hatena.ne.jp
Arthur,Morgan,M,2005-10-08,3-(751)331-6808,059 Nelson Trail,phart76@reference.com,,Philip Hart,6-(489)840-0517,Safety Technician IV,Daniel,Dixon,6-(182)970-2203,phart76@princeton.edu
David,Kennedy,M,2000-08-31,8-(788)403-3624,4 Manitowish Plaza,gmorales77@digg.com,NightTime Sinus Relief,Gregory Morales,6-(353)421-4062,Programmer II,Bruce,Little,0-(475)695-9584,gmorales77@flavors.me
Elizabeth,Lane,F,2007-03-01,2-(951)637-4511,3 Amoth Park,sromero78@nationalgeographic.com,,Sarah Romero,7-(680)441-0711,Librarian,Joan,Wilson,0-(087)569-1949,sromero78@wordpress.org
Joseph,Peters,M,2000-11-09,2-(194)595-9291,69821 Transport Hill,bbarnes79@nps.gov,,Benjamin Barnes,6-(735)219-7948,Food Chemist,Todd,Sanders,1-(079)701-2477,bbarnes79@mapy.cz
Doris,Rose,F,2002-12-27,7-(045)721-4837,84937 Bluestem Junction,pgibson7a@cornell.edu,,Phyllis Gibson,8-(889)685-1489,Web Designer I,Amanda,Howard,9-(000)739-8368,pgibson7a@ebay.com
Anne,Garza,F,2014-09-05,8-(062)130-9023,718 Springs Pass,smorales7b@vk.com,,Sarah Morales,7-(314)397-0714,Computer Systems Analyst I,Rebecca,Hill,1-(512)054-6990,smorales7b@woothemes.com
Jeremy,Cole,M,2007-12-21,8-(344)513-1613,7 Knutson Lane,jrobinson7c@flickr.com,Furosemide,Joseph Robinson,7-(738)188-0811,Administrative Assistant IV,Justin,Armstrong,5-(795)665-0731,jrobinson7c@ibm.com
Amy,Meyer,F,2007-04-06,0-(125)215-6008,08 Sutherland Circle,ppowell7d@twitpic.com,,Patricia Powell,8-(249)436-7592,Clinical Specialist,Sandra,Morrison,4-(807)484-7154,ppowell7d@wikia.com
Ashley,Ross,F,2011-04-04,1-(359)001-1200,1071 Trailsway Pass,astanley7e@loc.gov,,Alice Stanley,5-(370)038-3929,Financial Analyst,Catherine,Carter,7-(606)278-8796,astanley7e@1und1.de
Ruby,Green,F,2012-01-23,0-(137)829-1497,582 Lillian Avenue,afrazier7f@japanpost.jp,Pink-Bismuth,Amy Frazier,0-(388)520-8393,Editor,Rebecca,Harris,9-(523)288-1102,afrazier7f@privacy.gov.au
Heather,Carter,F,2012-05-23,7-(295)673-7570,72394 Eastlawn Alley,aparker7g@abc.net.au,ASP,Ashley Parker,4-(427)400-8547,Structural Analysis Engineer,Donna,Walker,7-(518)520-1730,aparker7g@ezinearticles.com
Rachel,Day,F,2006-01-13,1-(453)563-5811,786 Darwin Court,schapman7h@google.co.uk,,Sara Chapman,6-(808)386-3911,Electrical Engineer,Susan,Nelson,8-(031)482-5811,schapman7h@telegraph.co.uk
Brian,Andrews,M,2000-04-16,5-(448)370-9266,2 Shoshone Circle,pking7i@nih.gov,,Phillip King,8-(970)848-0853,GIS Technical Architect,Justin,Flores,8-(690)978-9720,pking7i@usda.gov
Lori,Riley,F,2008-07-30,1-(166)746-1700,74 Cordelia Point,cfowler7j@a8.net,PENTOXIFYLLINE,Carolyn Fowler,1-(203)473-0939,Programmer Analyst IV,Carolyn,Lee,4-(420)972-9987,cfowler7j@google.com.hk
Bobby,Ortiz,M,2009-10-31,6-(282)084-7642,2333 Bartillon Park,bstone7k@w3.org,Methylphenidate Hydrochloride,Brian Stone,1-(783)358-1733,Sales Representative,Jonathan,Griffin,7-(463)136-3824,bstone7k@prnewswire.com
Janice,Lee,F,2006-09-30,5-(854)947-3999,08499 Hovde Parkway,scarpenter7l@amazonaws.com,,Sandra Carpenter,6-(253)744-1037,Junior Executive,Mary,Jenkins,6-(284)743-2950,scarpenter7l@apache.org
Susan,Banks,F,2014-09-02,8-(949)255-5283,61 Pierstorff Trail,ryoung7m@amazon.de,mally Face Defender Foundation BB,Ruth Young,4-(089)426-9353,Senior Financial Analyst,Louise,Oliver,4-(556)235-9864,ryoung7m@weibo.com
Chris,Walker,M,2012-07-01,4-(535)361-1487,65 Superior Court,cfisher7n@discuz.net,,Chris Fisher,0-(271)260-0950,Programmer III,Louis,Phillips,9-(332)878-9368,cfisher7n@berkeley.edu
Dennis,Price,M,2004-01-25,2-(871)553-4445,86 Fisk Plaza,sturner7o@latimes.com,Clonazepam,Sean Turner,7-(385)671-4240,Software Consultant,Steve,Bryant,7-(862)793-2524,sturner7o@dmoz.org
Barbara,Dean,F,2011-04-07,6-(755)463-4531,214 Derek Parkway,dsullivan7p@gizmodo.com,Adult Low Strength Aspirin,Deborah Sullivan,4-(878)786-2394,Sales Representative,Kathryn,King,4-(340)511-0771,dsullivan7p@eventbrite.com
Theresa,Stanley,F,2010-08-28,1-(112)986-8178,1 Crowley Circle,kfreeman7q@unc.edu,METOPROLOL SUCCINATE,Kathryn Freeman,3-(834)852-8725,VP Marketing,Sandra,Davis,5-(585)060-3676,kfreeman7q@army.mil
Benjamin,Torres,M,2011-09-22,1-(080)409-5885,104 Scott Road,fsims7r@yellowbook.com,,Frank Sims,9-(053)553-1962,Computer Systems Analyst IV,Paul,Ortiz,5-(743)487-8454,fsims7r@cbsnews.com
Marilyn,Smith,F,2000-06-10,5-(236)570-2488,5925 Express Hill,lhicks7s@jiathis.com,,Lois Hicks,6-(829)574-9340,Statistician IV,Ann,Gordon,1-(655)872-1815,lhicks7s@upenn.edu
Daniel,Hicks,M,2011-09-02,4-(958)950-0850,865 Killdeer Hill,wmartin7t@vinaora.com,,Walter Martin,0-(760)528-7574,Nurse Practicioner,Philip,Hawkins,2-(599)549-9398,wmartin7t@cpanel.net
Judy,Campbell,F,2012-03-28,2-(817)780-5111,264 Mariners Cove Avenue,jandrews7u@csmonitor.com,,Jessica Andrews,4-(914)561-9297,Senior Sales Associate,Rachel,Collins,3-(923)505-1117,jandrews7u@foxnews.com
Carlos,Dixon,M,2014-01-22,2-(497)286-6465,033 Mandrake Avenue,cgibson7v@sun.com,,Carlos Gibson,9-(584)128-3793,Operator,Louis,Matthews,3-(647)992-9714,cgibson7v@t.co
Russell,Fowler,M,2006-04-27,7-(904)920-6268,76958 Haas Pass,tmorris7w@home.pl,,Timothy Morris,1-(632)047-9592,Assistant Manager,Peter,Woods,7-(502)307-6412,tmorris7w@bluehost.com
Joseph,Allen,M,2002-04-28,4-(478)333-2385,55 Meadow Ridge Avenue,mmitchell7x@parallels.com,,Michael Mitchell,1-(925)686-6673,Structural Analysis Engineer,Chris,Gardner,4-(086)226-8419,mmitchell7x@mediafire.com
Roy,Evans,M,2013-10-05,9-(288)637-1674,4225 Tomscot Road,jbutler7y@si.edu,Glimepiride,James Butler,3-(990)862-2920,Health Coach I,Patrick,Nguyen,5-(474)213-5371,jbutler7y@lycos.com
Andrea,Larson,F,2010-09-25,9-(088)389-0355,613 Dottie Park,nbanks7z@discuz.net,,Norma Banks,8-(920)460-4754,Desktop Support Technician,Ruth,Matthews,1-(021)848-9159,nbanks7z@abc.net.au
Betty,Daniels,F,2009-03-16,4-(602)278-5781,4705 Stang Point,relliott80@cbc.ca,,Rachel Elliott,8-(888)666-2779,Analyst Programmer,Ruth,Sanchez,4-(370)900-7569,relliott80@msn.com
Catherine,Mitchell,F,2002-12-03,0-(058)334-3283,33 Dakota Way,dhawkins81@loc.gov,Lyrica,Donna Hawkins,2-(559)684-0889,Nurse Practicioner,Sara,Wallace,9-(926)105-8134,dhawkins81@addthis.com
Lisa,Murphy,F,2013-10-29,6-(725)283-0851,00 Johnson Crossing,jsims82@flickr.com,,Joyce Sims,1-(184)210-4834,Computer Systems Analyst IV,Mildred,Elliott,5-(402)534-5470,jsims82@ameblo.jp
Shawn,Lee,M,2007-09-29,8-(344)534-6263,150 Claremont Parkway,taustin83@ca.gov,,Thomas Austin,9-(539)518-3279,Data Coordiator,Timothy,Nichols,9-(660)728-9521,taustin83@aol.com
Steve,Thomas,M,2010-08-13,3-(433)497-4118,90813 Sloan Park,agibson84@youtu.be,TIMENTIN,Aaron Gibson,0-(695)725-7893,Nurse,Fred,Cox,0-(482)947-6475,agibson84@vistaprint.com
Janice,Harrison,F,2013-07-25,0-(385)220-3122,53 Dayton Parkway,lcole85@sina.com.cn,Paroxetine,Lois Cole,7-(751)746-9095,Senior Quality Engineer,Lisa,Anderson,8-(823)522-0500,lcole85@virginia.edu
George,Adams,M,2008-12-16,5-(123)148-1351,7 Northport Court,cthomas86@google.com.hk,,Charles Thomas,6-(635)004-9007,Senior Cost Accountant,Fred,Anderson,3-(527)877-5367,cthomas86@senate.gov
Mildred,Boyd,F,2007-11-08,9-(281)353-2237,252 Blue Bill Park Avenue,mnguyen87@paypal.com,PMS Relief,Margaret Nguyen,1-(285)135-7617,Director of Sales,Frances,Bradley,1-(397)492-7458,mnguyen87@si.edu
Kathleen,Oliver,F,2004-02-11,1-(399)040-7970,0 Luster Avenue,lcunningham88@drupal.org,Warfarin Sodium,Lois Cunningham,5-(727)128-0849,Accounting Assistant IV,Tina,Wood,8-(615)410-6469,lcunningham88@ebay.co.uk
Carlos,Bradley,M,2011-04-03,7-(986)089-0479,4704 Lindbergh Trail,jfranklin89@scientificamerican.com,,Joe Franklin,5-(423)100-9125,Speech Pathologist,Jimmy,Bennett,6-(817)128-9732,jfranklin89@ibm.com
Janet,Harris,F,2003-08-16,9-(815)771-9320,746 Lunder Drive,bford8a@ehow.com,,Barbara Ford,1-(012)508-1820,Senior Editor,Linda,Evans,9-(400)052-6288,bford8a@weebly.com
Betty,Simmons,F,2004-05-16,5-(581)534-0615,5004 Bunting Avenue,mgeorge8b@vimeo.com,Adult Low strength Aspirin,Marie George,2-(273)295-1189,Compensation Analyst,Laura,Rice,9-(817)109-9851,mgeorge8b@tiny.cc
